best/train_logmse,best/val_logmse,best/test_logmse,gnn.layers_mp,gnn.layer_type,dataset.name
0.740112,0.738787,0.745322,1,simulation,lrim_64_0.6_10k
0.365079,0.363669,0.371377,2,simulation,lrim_64_0.6_10k
0.117846,0.116381,0.124583,3,simulation,lrim_64_0.6_10k
-0.0708364,-0.0723584,-0.0638896,4,simulation,lrim_64_0.6_10k
-0.225343,-0.226915,-0.218282,5,simulation,lrim_64_0.6_10k
-0.3577,-0.359295,-0.350566,6,simulation,lrim_64_0.6_10k
-0.474646,-0.476228,-0.467444,7,simulation,lrim_64_0.6_10k
-0.580321,-0.581874,-0.573064,8,simulation,lrim_64_0.6_10k
-0.677462,-0.678975,-0.670163,9,simulation,lrim_64_0.6_10k
-0.76797,-0.769445,-0.760646,10,simulation,lrim_64_0.6_10k
-0.853233,-0.854676,-0.845877,11,simulation,lrim_64_0.6_10k
-0.934296,-0.935709,-0.926908,12,simulation,lrim_64_0.6_10k
-1.01198,-1.01336,-1.00456,13,simulation,lrim_64_0.6_10k
-1.08692,-1.08829,-1.07949,14,simulation,lrim_64_0.6_10k
-1.15967,-1.16101,-1.15222,15,simulation,lrim_64_0.6_10k
-1.23066,-1.23199,-1.2232,16,simulation,lrim_64_0.6_10k
-1.30029,-1.30161,-1.29282,17,simulation,lrim_64_0.6_10k
-1.3689,-1.3702,-1.36143,18,simulation,lrim_64_0.6_10k
-1.43681,-1.43809,-1.42932,19,simulation,lrim_64_0.6_10k
-1.50428,-1.50555,-1.49679,20,simulation,lrim_64_0.6_10k
-1.57159,-1.57286,-1.5641,21,simulation,lrim_64_0.6_10k
-1.63901,-1.64027,-1.63152,22,simulation,lrim_64_0.6_10k
-1.70678,-1.70804,-1.6993,23,simulation,lrim_64_0.6_10k
-1.77517,-1.77644,-1.7677,24,simulation,lrim_64_0.6_10k
-1.84445,-1.84573,-1.83699,25,simulation,lrim_64_0.6_10k
-1.91491,-1.9162,-1.90746,26,simulation,lrim_64_0.6_10k
-1.98686,-1.98817,-1.97942,27,simulation,lrim_64_0.6_10k
-2.06064,-2.06198,-2.0532,28,simulation,lrim_64_0.6_10k
-2.13665,-2.13801,-2.12921,29,simulation,lrim_64_0.6_10k
-2.21531,-2.2167,-2.20788,30,simulation,lrim_64_0.6_10k
-2.29714,-2.29856,-2.28972,31,simulation,lrim_64_0.6_10k
-2.38198,-2.38343,-2.37457,32,simulation,lrim_64_0.6_10k
-2.46875,-2.47023,-2.46135,33,simulation,lrim_64_0.6_10k
-2.55688,-2.55839,-2.5495,34,simulation,lrim_64_0.6_10k
-2.64652,-2.64805,-2.63917,35,simulation,lrim_64_0.6_10k
-2.7378,-2.73936,-2.73049,36,simulation,lrim_64_0.6_10k
-2.83088,-2.83246,-2.82361,37,simulation,lrim_64_0.6_10k
-2.92594,-2.92753,-2.9187,38,simulation,lrim_64_0.6_10k
-3.02314,-3.02476,-3.01593,39,simulation,lrim_64_0.6_10k
-3.1227,-3.12433,-3.11552,40,simulation,lrim_64_0.6_10k
-3.22484,-3.22646,-3.21768,41,simulation,lrim_64_0.6_10k
-3.3298,-3.33144,-3.32268,42,simulation,lrim_64_0.6_10k
-3.43789,-3.43953,-3.43079,43,simulation,lrim_64_0.6_10k
-3.54941,-3.55106,-3.54235,44,simulation,lrim_64_0.6_10k
-3.66476,-3.66641,-3.65774,45,simulation,lrim_64_0.6_10k
-3.78435,-3.78601,-3.77737,46,simulation,lrim_64_0.6_10k
-3.9087,-3.91036,-3.90177,47,simulation,lrim_64_0.6_10k
-4.0384,-4.04006,-4.0315,48,simulation,lrim_64_0.6_10k
-4.17415,-4.17579,-4.16728,49,simulation,lrim_64_0.6_10k
-4.31678,-4.31838,-4.30996,50,simulation,lrim_64_0.6_10k
-4.46733,-4.46888,-4.46057,51,simulation,lrim_64_0.6_10k
-4.62705,-4.62854,-4.6204,52,simulation,lrim_64_0.6_10k
-4.79752,-4.79893,-4.79102,53,simulation,lrim_64_0.6_10k
-4.98075,-4.98207,-4.97439,54,simulation,lrim_64_0.6_10k
-5.17934,-5.18059,-5.17318,55,simulation,lrim_64_0.6_10k
-5.3968,-5.39803,-5.39096,56,simulation,lrim_64_0.6_10k
-5.63799,-5.63925,-5.6326,57,simulation,lrim_64_0.6_10k
-5.90995,-5.91125,-5.90513,58,simulation,lrim_64_0.6_10k
-6.22338,-6.22465,-6.21929,59,simulation,lrim_64_0.6_10k
-6.59602,-6.59712,-6.59285,60,simulation,lrim_64_0.6_10k
-7.06071,-7.0615,-7.05858,61,simulation,lrim_64_0.6_10k
-7.68749,-7.68799,-7.68627,62,simulation,lrim_64_0.6_10k
-8.60946,-8.60946,-8.60946,63,simulation,lrim_64_0.6_10k
-28.2987,-28.298,-28.2883,64,simulation,lrim_64_0.6_10k
0.36578,0.368501,0.365184,1,simulation,lrim_16_1.5_10k
-0.385918,-0.38147,-0.386113,2,simulation,lrim_16_1.5_10k
-0.908578,-0.903621,-0.908453,3,simulation,lrim_16_1.5_10k
-1.33177,-1.32663,-1.33125,4,simulation,lrim_16_1.5_10k
-1.7051,-1.69995,-1.70439,5,simulation,lrim_16_1.5_10k
-2.05917,-2.05402,-2.05849,6,simulation,lrim_16_1.5_10k
-2.41929,-2.41414,-2.4188,7,simulation,lrim_16_1.5_10k
-2.80239,-2.7973,-2.80221,8,simulation,lrim_16_1.5_10k
-3.20887,-3.20394,-3.20908,9,simulation,lrim_16_1.5_10k
-3.6408,-3.63624,-3.64134,10,simulation,lrim_16_1.5_10k
-4.1129,-4.10917,-4.11357,11,simulation,lrim_16_1.5_10k
-4.64922,-4.64684,-4.64998,12,simulation,lrim_16_1.5_10k
-5.29476,-5.29385,-5.29561,13,simulation,lrim_16_1.5_10k
-6.14706,-6.14673,-6.14766,14,simulation,lrim_16_1.5_10k
-7.37523,-7.37523,-7.37523,15,simulation,lrim_16_1.5_10k
-29.8775,-29.8708,-29.875,16,simulation,lrim_16_1.5_10k
0.282089,0.281379,0.282322,1,simulation,lrim_256_1.5_10k
-0.479307,-0.480396,-0.47907,2,simulation,lrim_256_1.5_10k
-0.985126,-0.986443,-0.984888,3,simulation,lrim_256_1.5_10k
-1.36774,-1.36927,-1.36748,4,simulation,lrim_256_1.5_10k
-1.67448,-1.67616,-1.67419,5,simulation,lrim_256_1.5_10k
-1.93025,-1.93203,-1.92994,6,simulation,lrim_256_1.5_10k
-2.1495,-2.1513,-2.14919,7,simulation,lrim_256_1.5_10k
-2.34131,-2.34309,-2.34101,8,simulation,lrim_256_1.5_10k
-2.51176,-2.51347,-2.51148,9,simulation,lrim_256_1.5_10k
-2.66513,-2.66674,-2.66488,10,simulation,lrim_256_1.5_10k
-2.80454,-2.80601,-2.8043,11,simulation,lrim_256_1.5_10k
-2.9323,-2.93362,-2.93209,12,simulation,lrim_256_1.5_10k
-3.05024,-3.05138,-3.05004,13,simulation,lrim_256_1.5_10k
-3.15975,-3.16071,-3.15958,14,simulation,lrim_256_1.5_10k
-3.26198,-3.26274,-3.26182,15,simulation,lrim_256_1.5_10k
-3.35783,-3.35839,-3.35769,16,simulation,lrim_256_1.5_10k
-3.44807,-3.44842,-3.44796,17,simulation,lrim_256_1.5_10k
-3.53334,-3.53347,-3.53324,18,simulation,lrim_256_1.5_10k
-3.61415,-3.61407,-3.61408,19,simulation,lrim_256_1.5_10k
-3.69097,-3.69066,-3.69093,20,simulation,lrim_256_1.5_10k
-3.76417,-3.76364,-3.76416,21,simulation,lrim_256_1.5_10k
-3.8341,-3.83334,-3.83412,22,simulation,lrim_256_1.5_10k
-3.90105,-3.90005,-3.90109,23,simulation,lrim_256_1.5_10k
-3.96526,-3.96403,-3.96533,24,simulation,lrim_256_1.5_10k
-4.02697,-4.02551,-4.02706,25,simulation,lrim_256_1.5_10k
-4.08636,-4.08468,-4.08648,26,simulation,lrim_256_1.5_10k
-4.14362,-4.14172,-4.14376,27,simulation,lrim_256_1.5_10k
-4.19891,-4.19679,-4.19907,28,simulation,lrim_256_1.5_10k
-4.25236,-4.25002,-4.25254,29,simulation,lrim_256_1.5_10k
-4.3041,-4.30155,-4.3043,30,simulation,lrim_256_1.5_10k
-4.35425,-4.35148,-4.35446,31,simulation,lrim_256_1.5_10k
-4.40291,-4.39993,-4.40314,32,simulation,lrim_256_1.5_10k
-4.45017,-4.44698,-4.45041,33,simulation,lrim_256_1.5_10k
-4.49612,-4.49273,-4.49637,34,simulation,lrim_256_1.5_10k
-4.54084,-4.53725,-4.54111,35,simulation,lrim_256_1.5_10k
-4.5844,-4.58062,-4.58468,36,simulation,lrim_256_1.5_10k
-4.62687,-4.6229,-4.62716,37,simulation,lrim_256_1.5_10k
-4.66831,-4.66415,-4.66861,38,simulation,lrim_256_1.5_10k
-4.70877,-4.70443,-4.70908,39,simulation,lrim_256_1.5_10k
-4.74831,-4.74379,-4.74863,40,simulation,lrim_256_1.5_10k
-4.78698,-4.78228,-4.78731,41,simulation,lrim_256_1.5_10k
-4.82481,-4.81995,-4.82516,42,simulation,lrim_256_1.5_10k
-4.86186,-4.85684,-4.86222,43,simulation,lrim_256_1.5_10k
-4.89817,-4.89298,-4.89853,44,simulation,lrim_256_1.5_10k
-4.93376,-4.92842,-4.93413,45,simulation,lrim_256_1.5_10k
-4.96868,-4.96319,-4.96906,46,simulation,lrim_256_1.5_10k
-5.00295,-4.99733,-5.00334,47,simulation,lrim_256_1.5_10k
-5.03661,-5.03085,-5.03701,48,simulation,lrim_256_1.5_10k
-5.06968,-5.06379,-5.07009,49,simulation,lrim_256_1.5_10k
-5.1022,-5.09618,-5.10262,50,simulation,lrim_256_1.5_10k
-5.13418,-5.12804,-5.13461,51,simulation,lrim_256_1.5_10k
-5.16565,-5.1594,-5.16609,52,simulation,lrim_256_1.5_10k
-5.19664,-5.19027,-5.19708,53,simulation,lrim_256_1.5_10k
-5.22715,-5.22069,-5.22761,54,simulation,lrim_256_1.5_10k
-5.25723,-5.25066,-5.2577,55,simulation,lrim_256_1.5_10k
-5.28687,-5.28021,-5.28736,56,simulation,lrim_256_1.5_10k
-5.31611,-5.30936,-5.3166,57,simulation,lrim_256_1.5_10k
-5.34496,-5.33812,-5.34546,58,simulation,lrim_256_1.5_10k
-5.37343,-5.36651,-5.37395,59,simulation,lrim_256_1.5_10k
-5.40155,-5.39455,-5.40207,60,simulation,lrim_256_1.5_10k
-5.42932,-5.42224,-5.42986,61,simulation,lrim_256_1.5_10k
-5.45677,-5.44962,-5.45731,62,simulation,lrim_256_1.5_10k
-5.48389,-5.47668,-5.48445,63,simulation,lrim_256_1.5_10k
-5.51072,-5.50344,-5.51128,64,simulation,lrim_256_1.5_10k
-5.53726,-5.52991,-5.53783,65,simulation,lrim_256_1.5_10k
-5.56352,-5.55612,-5.5641,66,simulation,lrim_256_1.5_10k
-5.58951,-5.58206,-5.5901,67,simulation,lrim_256_1.5_10k
-5.61525,-5.60775,-5.61585,68,simulation,lrim_256_1.5_10k
-5.64075,-5.6332,-5.64136,69,simulation,lrim_256_1.5_10k
-5.66602,-5.65842,-5.66663,70,simulation,lrim_256_1.5_10k
-5.69106,-5.68342,-5.69169,71,simulation,lrim_256_1.5_10k
-5.71589,-5.70822,-5.71652,72,simulation,lrim_256_1.5_10k
-5.74051,-5.73281,-5.74116,73,simulation,lrim_256_1.5_10k
-5.76494,-5.75721,-5.7656,74,simulation,lrim_256_1.5_10k
-5.78919,-5.78143,-5.78985,75,simulation,lrim_256_1.5_10k
-5.81326,-5.80548,-5.81392,76,simulation,lrim_256_1.5_10k
-5.83716,-5.82937,-5.83783,77,simulation,lrim_256_1.5_10k
-5.8609,-5.85309,-5.86158,78,simulation,lrim_256_1.5_10k
-5.88449,-5.87667,-5.88517,79,simulation,lrim_256_1.5_10k
-5.90794,-5.90011,-5.90862,80,simulation,lrim_256_1.5_10k
-5.93125,-5.92341,-5.93194,81,simulation,lrim_256_1.5_10k
-5.95442,-5.94658,-5.95512,82,simulation,lrim_256_1.5_10k
-5.97748,-5.96964,-5.97818,83,simulation,lrim_256_1.5_10k
-6.00042,-5.99258,-6.00113,84,simulation,lrim_256_1.5_10k
-6.02326,-6.01542,-6.02397,85,simulation,lrim_256_1.5_10k
-6.04599,-6.03815,-6.0467,86,simulation,lrim_256_1.5_10k
-6.06863,-6.0608,-6.06935,87,simulation,lrim_256_1.5_10k
-6.09118,-6.08335,-6.0919,88,simulation,lrim_256_1.5_10k
-6.11364,-6.10583,-6.11438,89,simulation,lrim_256_1.5_10k
-6.13604,-6.12823,-6.13678,90,simulation,lrim_256_1.5_10k
-6.15836,-6.15057,-6.15911,91,simulation,lrim_256_1.5_10k
-6.18062,-6.17284,-6.18138,92,simulation,lrim_256_1.5_10k
-6.20283,-6.19506,-6.20359,93,simulation,lrim_256_1.5_10k
-6.22499,-6.21722,-6.22575,94,simulation,lrim_256_1.5_10k
-6.2471,-6.23935,-6.24787,95,simulation,lrim_256_1.5_10k
-6.26918,-6.26144,-6.26996,96,simulation,lrim_256_1.5_10k
-6.29122,-6.28349,-6.29201,97,simulation,lrim_256_1.5_10k
-6.31324,-6.30553,-6.31403,98,simulation,lrim_256_1.5_10k
-6.33524,-6.32754,-6.33604,99,simulation,lrim_256_1.5_10k
-6.35723,-6.34954,-6.35803,100,simulation,lrim_256_1.5_10k
-6.37921,-6.37153,-6.38002,101,simulation,lrim_256_1.5_10k
-6.40119,-6.39353,-6.402,102,simulation,lrim_256_1.5_10k
-6.42317,-6.41553,-6.42399,103,simulation,lrim_256_1.5_10k
-6.44517,-6.43754,-6.44599,104,simulation,lrim_256_1.5_10k
-6.46718,-6.45957,-6.468,105,simulation,lrim_256_1.5_10k
-6.48922,-6.48162,-6.49004,106,simulation,lrim_256_1.5_10k
-6.51129,-6.5037,-6.51211,107,simulation,lrim_256_1.5_10k
-6.5334,-6.52583,-6.53422,108,simulation,lrim_256_1.5_10k
-6.55555,-6.54799,-6.55636,109,simulation,lrim_256_1.5_10k
-6.57775,-6.57021,-6.57856,110,simulation,lrim_256_1.5_10k
-6.6,-6.59248,-6.60081,111,simulation,lrim_256_1.5_10k
-6.62232,-6.61481,-6.62313,112,simulation,lrim_256_1.5_10k
-6.64471,-6.63722,-6.64551,113,simulation,lrim_256_1.5_10k
-6.66718,-6.6597,-6.66797,114,simulation,lrim_256_1.5_10k
-6.68973,-6.68227,-6.69052,115,simulation,lrim_256_1.5_10k
-6.71237,-6.70493,-6.71315,116,simulation,lrim_256_1.5_10k
-6.73511,-6.72769,-6.73589,117,simulation,lrim_256_1.5_10k
-6.75796,-6.75056,-6.75873,118,simulation,lrim_256_1.5_10k
-6.78093,-6.77354,-6.78168,119,simulation,lrim_256_1.5_10k
-6.80401,-6.79665,-6.80476,120,simulation,lrim_256_1.5_10k
-6.82723,-6.81988,-6.82796,121,simulation,lrim_256_1.5_10k
-6.85059,-6.84326,-6.85131,122,simulation,lrim_256_1.5_10k
-6.8741,-6.86679,-6.8748,123,simulation,lrim_256_1.5_10k
-6.89776,-6.89047,-6.89845,124,simulation,lrim_256_1.5_10k
-6.92159,-6.91433,-6.92227,125,simulation,lrim_256_1.5_10k
-6.94559,-6.93836,-6.94626,126,simulation,lrim_256_1.5_10k
-6.96978,-6.96257,-6.97043,127,simulation,lrim_256_1.5_10k
-6.99412,-6.98694,-6.99476,128,simulation,lrim_256_1.5_10k
-7.01854,-7.01139,-7.01916,129,simulation,lrim_256_1.5_10k
-7.043,-7.03588,-7.04361,130,simulation,lrim_256_1.5_10k
-7.0675,-7.06041,-7.06809,131,simulation,lrim_256_1.5_10k
-7.09204,-7.08499,-7.09262,132,simulation,lrim_256_1.5_10k
-7.11662,-7.10961,-7.11719,133,simulation,lrim_256_1.5_10k
-7.14126,-7.13429,-7.14182,134,simulation,lrim_256_1.5_10k
-7.16594,-7.15902,-7.16649,135,simulation,lrim_256_1.5_10k
-7.19068,-7.1838,-7.19122,136,simulation,lrim_256_1.5_10k
-7.21547,-7.20864,-7.216,137,simulation,lrim_256_1.5_10k
-7.24032,-7.23354,-7.24084,138,simulation,lrim_256_1.5_10k
-7.26523,-7.2585,-7.26574,139,simulation,lrim_256_1.5_10k
-7.2902,-7.28353,-7.2907,140,simulation,lrim_256_1.5_10k
-7.31524,-7.30863,-7.31573,141,simulation,lrim_256_1.5_10k
-7.34034,-7.33379,-7.34083,142,simulation,lrim_256_1.5_10k
-7.36552,-7.35903,-7.366,143,simulation,lrim_256_1.5_10k
-7.39077,-7.38435,-7.39124,144,simulation,lrim_256_1.5_10k
-7.41609,-7.40974,-7.41656,145,simulation,lrim_256_1.5_10k
-7.44149,-7.43522,-7.44195,146,simulation,lrim_256_1.5_10k
-7.46698,-7.46078,-7.46743,147,simulation,lrim_256_1.5_10k
-7.49254,-7.48642,-7.49299,148,simulation,lrim_256_1.5_10k
-7.5182,-7.51216,-7.51863,149,simulation,lrim_256_1.5_10k
-7.54394,-7.53798,-7.54437,150,simulation,lrim_256_1.5_10k
-7.56978,-7.5639,-7.5702,151,simulation,lrim_256_1.5_10k
-7.59571,-7.58993,-7.59612,152,simulation,lrim_256_1.5_10k
-7.62174,-7.61605,-7.62215,153,simulation,lrim_256_1.5_10k
-7.64787,-7.64227,-7.64827,154,simulation,lrim_256_1.5_10k
-7.6741,-7.66861,-7.6745,155,simulation,lrim_256_1.5_10k
-7.70045,-7.69505,-7.70083,156,simulation,lrim_256_1.5_10k
-7.7269,-7.72161,-7.72728,157,simulation,lrim_256_1.5_10k
-7.75348,-7.74829,-7.75384,158,simulation,lrim_256_1.5_10k
-7.78016,-7.77508,-7.78052,159,simulation,lrim_256_1.5_10k
-7.80697,-7.802,-7.80732,160,simulation,lrim_256_1.5_10k
-7.83391,-7.82905,-7.83424,161,simulation,lrim_256_1.5_10k
-7.86098,-7.85623,-7.8613,162,simulation,lrim_256_1.5_10k
-7.88817,-7.88355,-7.88848,163,simulation,lrim_256_1.5_10k
-7.91551,-7.911,-7.91581,164,simulation,lrim_256_1.5_10k
-7.94299,-7.93859,-7.94327,165,simulation,lrim_256_1.5_10k
-7.97061,-7.96634,-7.97088,166,simulation,lrim_256_1.5_10k
-7.99838,-7.99423,-7.99864,167,simulation,lrim_256_1.5_10k
-8.02631,-8.02228,-8.02656,168,simulation,lrim_256_1.5_10k
-8.0544,-8.05048,-8.05463,169,simulation,lrim_256_1.5_10k
-8.08265,-8.07885,-8.08287,170,simulation,lrim_256_1.5_10k
-8.11106,-8.10739,-8.11128,171,simulation,lrim_256_1.5_10k
-8.13966,-8.13611,-8.13986,172,simulation,lrim_256_1.5_10k
-8.16843,-8.165,-8.16862,173,simulation,lrim_256_1.5_10k
-8.19738,-8.19407,-8.19756,174,simulation,lrim_256_1.5_10k
-8.22653,-8.22334,-8.2267,175,simulation,lrim_256_1.5_10k
-8.25587,-8.2528,-8.25603,176,simulation,lrim_256_1.5_10k
-8.28541,-8.28247,-8.28557,177,simulation,lrim_256_1.5_10k
-8.31516,-8.31234,-8.31531,178,simulation,lrim_256_1.5_10k
-8.34513,-8.34243,-8.34527,179,simulation,lrim_256_1.5_10k
-8.37531,-8.37275,-8.37545,180,simulation,lrim_256_1.5_10k
-8.40573,-8.40329,-8.40586,181,simulation,lrim_256_1.5_10k
-8.43638,-8.43406,-8.4365,182,simulation,lrim_256_1.5_10k
-8.46727,-8.46508,-8.46739,183,simulation,lrim_256_1.5_10k
-8.49841,-8.49636,-8.49852,184,simulation,lrim_256_1.5_10k
-8.52981,-8.52789,-8.52992,185,simulation,lrim_256_1.5_10k
-8.56148,-8.55969,-8.56158,186,simulation,lrim_256_1.5_10k
-8.59343,-8.59176,-8.59352,187,simulation,lrim_256_1.5_10k
-8.62566,-8.62413,-8.62574,188,simulation,lrim_256_1.5_10k
-8.65819,-8.65679,-8.65826,189,simulation,lrim_256_1.5_10k
-8.69102,-8.68975,-8.69108,190,simulation,lrim_256_1.5_10k
-8.72416,-8.72303,-8.72422,191,simulation,lrim_256_1.5_10k
-8.75764,-8.75663,-8.75768,192,simulation,lrim_256_1.5_10k
-8.79145,-8.79057,-8.79149,193,simulation,lrim_256_1.5_10k
-8.82561,-8.82487,-8.82564,194,simulation,lrim_256_1.5_10k
-8.86014,-8.85952,-8.86016,195,simulation,lrim_256_1.5_10k
-8.89504,-8.89455,-8.89505,196,simulation,lrim_256_1.5_10k
-8.93033,-8.92997,-8.93033,197,simulation,lrim_256_1.5_10k
-8.96603,-8.96579,-8.96602,198,simulation,lrim_256_1.5_10k
-9.00214,-9.00202,-9.00212,199,simulation,lrim_256_1.5_10k
-9.0387,-9.0387,-9.03866,200,simulation,lrim_256_1.5_10k
-9.0757,-9.07582,-9.07566,201,simulation,lrim_256_1.5_10k
-9.11318,-9.11341,-9.11313,202,simulation,lrim_256_1.5_10k
-9.15115,-9.1515,-9.15108,203,simulation,lrim_256_1.5_10k
-9.18963,-9.19009,-9.18955,204,simulation,lrim_256_1.5_10k
-9.22865,-9.22921,-9.22855,205,simulation,lrim_256_1.5_10k
-9.26822,-9.26888,-9.2681,206,simulation,lrim_256_1.5_10k
-9.30837,-9.30913,-9.30824,207,simulation,lrim_256_1.5_10k
-9.34912,-9.34998,-9.34898,208,simulation,lrim_256_1.5_10k
-9.3905,-9.39146,-9.39035,209,simulation,lrim_256_1.5_10k
-9.43255,-9.4336,-9.43238,210,simulation,lrim_256_1.5_10k
-9.47529,-9.47642,-9.4751,211,simulation,lrim_256_1.5_10k
-9.51875,-9.51997,-9.51855,212,simulation,lrim_256_1.5_10k
-9.56297,-9.56428,-9.56275,213,simulation,lrim_256_1.5_10k
-9.60799,-9.60938,-9.60775,214,simulation,lrim_256_1.5_10k
-9.65385,-9.65532,-9.65359,215,simulation,lrim_256_1.5_10k
-9.70058,-9.70213,-9.70031,216,simulation,lrim_256_1.5_10k
-9.74825,-9.74987,-9.74796,217,simulation,lrim_256_1.5_10k
-9.79689,-9.79859,-9.79659,218,simulation,lrim_256_1.5_10k
-9.84656,-9.84833,-9.84624,219,simulation,lrim_256_1.5_10k
-9.89732,-9.89916,-9.897,220,simulation,lrim_256_1.5_10k
-9.94924,-9.95115,-9.9489,221,simulation,lrim_256_1.5_10k
-10.0024,-10.0043,-10.002,222,simulation,lrim_256_1.5_10k
-10.0568,-10.0588,-10.0565,223,simulation,lrim_256_1.5_10k
-10.1126,-10.1147,-10.1123,224,simulation,lrim_256_1.5_10k
-10.1699,-10.1721,-10.1696,225,simulation,lrim_256_1.5_10k
-10.2288,-10.231,-10.2284,226,simulation,lrim_256_1.5_10k
-10.2894,-10.2916,-10.289,227,simulation,lrim_256_1.5_10k
-10.3517,-10.3539,-10.3513,228,simulation,lrim_256_1.5_10k
-10.416,-10.4183,-10.4156,229,simulation,lrim_256_1.5_10k
-10.4824,-10.4847,-10.482,230,simulation,lrim_256_1.5_10k
-10.551,-10.5533,-10.5507,231,simulation,lrim_256_1.5_10k
-10.6221,-10.6244,-10.6218,232,simulation,lrim_256_1.5_10k
-10.6959,-10.6982,-10.6955,233,simulation,lrim_256_1.5_10k
-10.7725,-10.7748,-10.7722,234,simulation,lrim_256_1.5_10k
-10.8524,-10.8547,-10.852,235,simulation,lrim_256_1.5_10k
-10.9357,-10.938,-10.9354,236,simulation,lrim_256_1.5_10k
-11.0229,-11.0252,-11.0226,237,simulation,lrim_256_1.5_10k
-11.1145,-11.1166,-11.1141,238,simulation,lrim_256_1.5_10k
-11.2108,-11.2129,-11.2104,239,simulation,lrim_256_1.5_10k
-11.3125,-11.3146,-11.3122,240,simulation,lrim_256_1.5_10k
-11.4204,-11.4223,-11.42,241,simulation,lrim_256_1.5_10k
-11.5352,-11.5371,-11.5349,242,simulation,lrim_256_1.5_10k
-11.6581,-11.6599,-11.6578,243,simulation,lrim_256_1.5_10k
-11.7904,-11.792,-11.7901,244,simulation,lrim_256_1.5_10k
-11.9338,-11.9353,-11.9335,245,simulation,lrim_256_1.5_10k
-12.0904,-12.0918,-12.0901,246,simulation,lrim_256_1.5_10k
-12.2631,-12.2644,-12.2629,247,simulation,lrim_256_1.5_10k
-12.456,-12.4571,-12.4558,248,simulation,lrim_256_1.5_10k
-12.6746,-12.6756,-12.6743,249,simulation,lrim_256_1.5_10k
-12.9271,-12.928,-12.9269,250,simulation,lrim_256_1.5_10k
-13.2267,-13.2275,-13.2265,251,simulation,lrim_256_1.5_10k
-13.5956,-13.5962,-13.5953,252,simulation,lrim_256_1.5_10k
-14.0755,-14.0759,-14.0753,253,simulation,lrim_256_1.5_10k
-14.7572,-14.7573,-14.7571,254,simulation,lrim_256_1.5_10k
-15.8041,-15.8041,-15.8041,255,simulation,lrim_256_1.5_10k
-26.9352,-26.9373,-26.9359,256,simulation,lrim_256_1.5_10k
0.33062,0.329906,0.33119,1,simulation,lrim_64_1.5_10k
-0.408769,-0.410302,-0.408121,2,simulation,lrim_64_1.5_10k
-0.89878,-0.90118,-0.898347,3,simulation,lrim_64_1.5_10k
-1.26933,-1.2726,-1.26913,4,simulation,lrim_64_1.5_10k
-1.567,-1.57113,-1.56708,5,simulation,lrim_64_1.5_10k
-1.8162,-1.82113,-1.81659,6,simulation,lrim_64_1.5_10k
-2.03106,-2.03668,-2.03175,7,simulation,lrim_64_1.5_10k
-2.22042,-2.22664,-2.22142,8,simulation,lrim_64_1.5_10k
-2.39021,-2.39695,-2.39151,9,simulation,lrim_64_1.5_10k
-2.54459,-2.55181,-2.54619,10,simulation,lrim_64_1.5_10k
-2.6866,-2.69425,-2.68847,11,simulation,lrim_64_1.5_10k
-2.8185,-2.82656,-2.82065,12,simulation,lrim_64_1.5_10k
-2.94207,-2.95051,-2.94449,13,simulation,lrim_64_1.5_10k
-3.05871,-3.06749,-3.06136,14,simulation,lrim_64_1.5_10k
-3.16955,-3.17863,-3.17242,15,simulation,lrim_64_1.5_10k
-3.27552,-3.28485,-3.27857,16,simulation,lrim_64_1.5_10k
-3.37741,-3.38694,-3.38061,17,simulation,lrim_64_1.5_10k
-3.47587,-3.48559,-3.4792,18,simulation,lrim_64_1.5_10k
-3.5715,-3.58136,-3.57492,19,simulation,lrim_64_1.5_10k
-3.66481,-3.67477,-3.6683,20,simulation,lrim_64_1.5_10k
-3.75627,-3.7663,-3.75979,21,simulation,lrim_64_1.5_10k
-3.8463,-3.85637,-3.84984,22,simulation,lrim_64_1.5_10k
-3.93532,-3.9454,-3.93886,23,simulation,lrim_64_1.5_10k
-4.0237,-4.03377,-4.02722,24,simulation,lrim_64_1.5_10k
-4.11184,-4.12186,-4.11533,25,simulation,lrim_64_1.5_10k
-4.20011,-4.21007,-4.20356,26,simulation,lrim_64_1.5_10k
-4.28892,-4.2988,-4.2923,27,simulation,lrim_64_1.5_10k
-4.37866,-4.38844,-4.38198,28,simulation,lrim_64_1.5_10k
-4.46981,-4.47946,-4.47304,29,simulation,lrim_64_1.5_10k
-4.56283,-4.57234,-4.56597,30,simulation,lrim_64_1.5_10k
-4.65828,-4.66762,-4.6613,31,simulation,lrim_64_1.5_10k
-4.75607,-4.76521,-4.75896,32,simulation,lrim_64_1.5_10k
-4.85526,-4.86419,-4.858,33,simulation,lrim_64_1.5_10k
-4.95536,-4.96406,-4.95795,34,simulation,lrim_64_1.5_10k
-5.05655,-5.065,-5.05897,35,simulation,lrim_64_1.5_10k
-5.15898,-5.16717,-5.16121,36,simulation,lrim_64_1.5_10k
-5.26283,-5.27073,-5.26486,37,simulation,lrim_64_1.5_10k
-5.36827,-5.37587,-5.37009,38,simulation,lrim_64_1.5_10k
-5.47551,-5.48279,-5.4771,39,simulation,lrim_64_1.5_10k
-5.58474,-5.5917,-5.58611,40,simulation,lrim_64_1.5_10k
-5.6962,-5.70284,-5.69736,41,simulation,lrim_64_1.5_10k
-5.81016,-5.81648,-5.81111,42,simulation,lrim_64_1.5_10k
-5.92692,-5.9329,-5.92767,43,simulation,lrim_64_1.5_10k
-6.0468,-6.05245,-6.04736,44,simulation,lrim_64_1.5_10k
-6.17019,-6.1755,-6.17057,45,simulation,lrim_64_1.5_10k
-6.29753,-6.30251,-6.29775,46,simulation,lrim_64_1.5_10k
-6.42935,-6.43399,-6.42942,47,simulation,lrim_64_1.5_10k
-6.56626,-6.57058,-6.56619,48,simulation,lrim_64_1.5_10k
-6.709,-6.713,-6.70879,49,simulation,lrim_64_1.5_10k
-6.85846,-6.86212,-6.85813,50,simulation,lrim_64_1.5_10k
-7.01574,-7.01903,-7.0153,51,simulation,lrim_64_1.5_10k
-7.1822,-7.18507,-7.18164,52,simulation,lrim_64_1.5_10k
-7.35955,-7.36198,-7.35889,53,simulation,lrim_64_1.5_10k
-7.55001,-7.55202,-7.54928,54,simulation,lrim_64_1.5_10k
-7.75655,-7.75815,-7.75577,55,simulation,lrim_64_1.5_10k
-7.98318,-7.98443,-7.98238,56,simulation,lrim_64_1.5_10k
-8.23561,-8.23656,-8.23481,57,simulation,lrim_64_1.5_10k
-8.52227,-8.52298,-8.52149,58,simulation,lrim_64_1.5_10k
-8.85645,-8.85691,-8.85569,59,simulation,lrim_64_1.5_10k
-9.2606,-9.26082,-9.26001,60,simulation,lrim_64_1.5_10k
-9.77724,-9.77733,-9.77691,61,simulation,lrim_64_1.5_10k
-10.4985,-10.4985,-10.4984,62,simulation,lrim_64_1.5_10k
-11.5897,-11.5897,-11.5897,63,simulation,lrim_64_1.5_10k
-28.1721,-28.1803,-28.1731,64,simulation,lrim_64_1.5_10k
0.813087,0.810962,0.81717,1,simulation,lrim_32_0.6_10k
0.425531,0.422727,0.43008,2,simulation,lrim_32_0.6_10k
0.156406,0.153053,0.160934,3,simulation,lrim_32_0.6_10k
-0.0582763,-0.0620232,-0.0537689,4,simulation,lrim_32_0.6_10k
-0.241601,-0.245599,-0.237137,5,simulation,lrim_32_0.6_10k
-0.405313,-0.409474,-0.400921,6,simulation,lrim_32_0.6_10k
-0.556265,-0.56053,-0.551956,7,simulation,lrim_32_0.6_10k
-0.698941,-0.703252,-0.694691,8,simulation,lrim_32_0.6_10k
-0.836565,-0.840887,-0.832345,9,simulation,lrim_32_0.6_10k
-0.971683,-0.976015,-0.967479,10,simulation,lrim_32_0.6_10k
-1.1065,-1.11084,-1.1023,11,simulation,lrim_32_0.6_10k
-1.24314,-1.24746,-1.23891,12,simulation,lrim_32_0.6_10k
-1.38377,-1.3881,-1.37952,13,simulation,lrim_32_0.6_10k
-1.53092,-1.53522,-1.52663,14,simulation,lrim_32_0.6_10k
-1.68768,-1.69193,-1.68332,15,simulation,lrim_32_0.6_10k
-1.85491,-1.85909,-1.85047,16,simulation,lrim_32_0.6_10k
-2.02963,-2.03372,-2.02511,17,simulation,lrim_32_0.6_10k
-2.21028,-2.21423,-2.20567,18,simulation,lrim_32_0.6_10k
-2.39802,-2.40179,-2.39332,19,simulation,lrim_32_0.6_10k
-2.59426,-2.59778,-2.58949,20,simulation,lrim_32_0.6_10k
-2.80074,-2.80393,-2.79593,21,simulation,lrim_32_0.6_10k
-3.01962,-3.02242,-3.01482,22,simulation,lrim_32_0.6_10k
-3.25376,-3.25614,-3.24901,23,simulation,lrim_32_0.6_10k
-3.50693,-3.50893,-3.5023,24,simulation,lrim_32_0.6_10k
-3.78441,-3.78601,-3.77986,25,simulation,lrim_32_0.6_10k
-4.09377,-4.09502,-4.08938,26,simulation,lrim_32_0.6_10k
-4.44661,-4.44762,-4.44261,27,simulation,lrim_32_0.6_10k
-4.86211,-4.863,-4.85894,28,simulation,lrim_32_0.6_10k
-5.37522,-5.37557,-5.3729,29,simulation,lrim_32_0.6_10k
-6.05883,-6.05891,-6.05761,30,simulation,lrim_32_0.6_10k
-7.0441,-7.0441,-7.0441,31,simulation,lrim_32_0.6_10k
-29.0045,-29.0,-28.9952,32,simulation,lrim_32_0.6_10k
0.68545,0.681405,0.686257,1,simulation,lrim_128_0.6_10k
0.313617,0.308666,0.314664,2,simulation,lrim_128_0.6_10k
0.0764956,0.0710683,0.0775588,3,simulation,lrim_128_0.6_10k
-0.099668,-0.105368,-0.0986251,4,simulation,lrim_128_0.6_10k
-0.240574,-0.246447,-0.239543,5,simulation,lrim_128_0.6_10k
-0.358732,-0.364698,-0.357702,6,simulation,lrim_128_0.6_10k
-0.461039,-0.467067,-0.460008,7,simulation,lrim_128_0.6_10k
-0.551691,-0.55776,-0.550655,8,simulation,lrim_128_0.6_10k
-0.633425,-0.639517,-0.632385,9,simulation,lrim_128_0.6_10k
-0.708123,-0.714224,-0.707083,10,simulation,lrim_128_0.6_10k
-0.777134,-0.783239,-0.776094,11,simulation,lrim_128_0.6_10k
-0.841459,-0.847566,-0.840419,12,simulation,lrim_128_0.6_10k
-0.901862,-0.907972,-0.900823,13,simulation,lrim_128_0.6_10k
-0.958938,-0.965049,-0.957901,14,simulation,lrim_128_0.6_10k
-1.01316,-1.01927,-1.01213,15,simulation,lrim_128_0.6_10k
-1.06492,-1.07103,-1.06389,16,simulation,lrim_128_0.6_10k
-1.11452,-1.12063,-1.1135,17,simulation,lrim_128_0.6_10k
-1.16224,-1.16835,-1.16122,18,simulation,lrim_128_0.6_10k
-1.20829,-1.21439,-1.20727,19,simulation,lrim_128_0.6_10k
-1.25286,-1.25896,-1.25184,20,simulation,lrim_128_0.6_10k
-1.29611,-1.30221,-1.2951,21,simulation,lrim_128_0.6_10k
-1.33819,-1.34429,-1.33719,22,simulation,lrim_128_0.6_10k
-1.37921,-1.38531,-1.37822,23,simulation,lrim_128_0.6_10k
-1.41929,-1.42539,-1.41831,24,simulation,lrim_128_0.6_10k
-1.45853,-1.46463,-1.45755,25,simulation,lrim_128_0.6_10k
-1.497,-1.5031,-1.49602,26,simulation,lrim_128_0.6_10k
-1.53479,-1.54089,-1.53382,27,simulation,lrim_128_0.6_10k
-1.57197,-1.57807,-1.571,28,simulation,lrim_128_0.6_10k
-1.60859,-1.61469,-1.60762,29,simulation,lrim_128_0.6_10k
-1.64472,-1.65082,-1.64376,30,simulation,lrim_128_0.6_10k
-1.68042,-1.68652,-1.67946,31,simulation,lrim_128_0.6_10k
-1.71573,-1.72183,-1.71476,32,simulation,lrim_128_0.6_10k
-1.75069,-1.75679,-1.74973,33,simulation,lrim_128_0.6_10k
-1.78536,-1.79146,-1.7844,34,simulation,lrim_128_0.6_10k
-1.81978,-1.82587,-1.81881,35,simulation,lrim_128_0.6_10k
-1.85397,-1.86007,-1.85301,36,simulation,lrim_128_0.6_10k
-1.88799,-1.89408,-1.88703,37,simulation,lrim_128_0.6_10k
-1.92187,-1.92796,-1.9209,38,simulation,lrim_128_0.6_10k
-1.95563,-1.96172,-1.95466,39,simulation,lrim_128_0.6_10k
-1.98932,-1.99541,-1.98835,40,simulation,lrim_128_0.6_10k
-2.02297,-2.02906,-2.022,41,simulation,lrim_128_0.6_10k
-2.0566,-2.0627,-2.05563,42,simulation,lrim_128_0.6_10k
-2.09026,-2.09636,-2.08929,43,simulation,lrim_128_0.6_10k
-2.12397,-2.13007,-2.123,44,simulation,lrim_128_0.6_10k
-2.15777,-2.16387,-2.15679,45,simulation,lrim_128_0.6_10k
-2.19168,-2.19779,-2.19071,46,simulation,lrim_128_0.6_10k
-2.22574,-2.23185,-2.22477,47,simulation,lrim_128_0.6_10k
-2.25999,-2.2661,-2.25901,48,simulation,lrim_128_0.6_10k
-2.29445,-2.30056,-2.29347,49,simulation,lrim_128_0.6_10k
-2.32916,-2.33528,-2.32819,50,simulation,lrim_128_0.6_10k
-2.36416,-2.37027,-2.36318,51,simulation,lrim_128_0.6_10k
-2.39948,-2.4056,-2.3985,52,simulation,lrim_128_0.6_10k
-2.43516,-2.44128,-2.43419,53,simulation,lrim_128_0.6_10k
-2.47125,-2.47737,-2.47028,54,simulation,lrim_128_0.6_10k
-2.50778,-2.5139,-2.50681,55,simulation,lrim_128_0.6_10k
-2.54481,-2.55093,-2.54384,56,simulation,lrim_128_0.6_10k
-2.58237,-2.58849,-2.5814,57,simulation,lrim_128_0.6_10k
-2.62053,-2.62665,-2.61956,58,simulation,lrim_128_0.6_10k
-2.65934,-2.66546,-2.65837,59,simulation,lrim_128_0.6_10k
-2.69886,-2.70497,-2.69789,60,simulation,lrim_128_0.6_10k
-2.73915,-2.74526,-2.73818,61,simulation,lrim_128_0.6_10k
-2.78028,-2.7864,-2.77932,62,simulation,lrim_128_0.6_10k
-2.82234,-2.82845,-2.82137,63,simulation,lrim_128_0.6_10k
-2.86521,-2.87133,-2.86425,64,simulation,lrim_128_0.6_10k
-2.90858,-2.9147,-2.90762,65,simulation,lrim_128_0.6_10k
-2.95229,-2.95841,-2.95133,66,simulation,lrim_128_0.6_10k
-2.99636,-3.00247,-2.99539,67,simulation,lrim_128_0.6_10k
-3.04079,-3.0469,-3.03982,68,simulation,lrim_128_0.6_10k
-3.08561,-3.09172,-3.08464,69,simulation,lrim_128_0.6_10k
-3.13083,-3.13695,-3.12986,70,simulation,lrim_128_0.6_10k
-3.17648,-3.1826,-3.17551,71,simulation,lrim_128_0.6_10k
-3.22257,-3.2287,-3.2216,72,simulation,lrim_128_0.6_10k
-3.26913,-3.27526,-3.26815,73,simulation,lrim_128_0.6_10k
-3.31617,-3.3223,-3.31519,74,simulation,lrim_128_0.6_10k
-3.36372,-3.36986,-3.36273,75,simulation,lrim_128_0.6_10k
-3.41179,-3.41793,-3.4108,76,simulation,lrim_128_0.6_10k
-3.46042,-3.46657,-3.45943,77,simulation,lrim_128_0.6_10k
-3.50963,-3.51577,-3.50862,78,simulation,lrim_128_0.6_10k
-3.55944,-3.56559,-3.55843,79,simulation,lrim_128_0.6_10k
-3.60988,-3.61603,-3.60886,80,simulation,lrim_128_0.6_10k
-3.66098,-3.66713,-3.65995,81,simulation,lrim_128_0.6_10k
-3.71278,-3.71893,-3.71174,82,simulation,lrim_128_0.6_10k
-3.7653,-3.77145,-3.76425,83,simulation,lrim_128_0.6_10k
-3.81858,-3.82474,-3.81753,84,simulation,lrim_128_0.6_10k
-3.87267,-3.87882,-3.8716,85,simulation,lrim_128_0.6_10k
-3.92759,-3.93374,-3.92651,86,simulation,lrim_128_0.6_10k
-3.9834,-3.98954,-3.98231,87,simulation,lrim_128_0.6_10k
-4.04014,-4.04627,-4.03903,88,simulation,lrim_128_0.6_10k
-4.09785,-4.10398,-4.09674,89,simulation,lrim_128_0.6_10k
-4.1566,-4.16272,-4.15548,90,simulation,lrim_128_0.6_10k
-4.21643,-4.22256,-4.2153,91,simulation,lrim_128_0.6_10k
-4.27742,-4.28354,-4.27628,92,simulation,lrim_128_0.6_10k
-4.33963,-4.34575,-4.33849,93,simulation,lrim_128_0.6_10k
-4.40313,-4.40925,-4.40198,94,simulation,lrim_128_0.6_10k
-4.46801,-4.47413,-4.46685,95,simulation,lrim_128_0.6_10k
-4.53434,-4.54046,-4.53319,96,simulation,lrim_128_0.6_10k
-4.60222,-4.60834,-4.60107,97,simulation,lrim_128_0.6_10k
-4.67176,-4.67788,-4.67062,98,simulation,lrim_128_0.6_10k
-4.74307,-4.74919,-4.74194,99,simulation,lrim_128_0.6_10k
-4.81628,-4.82239,-4.81515,100,simulation,lrim_128_0.6_10k
-4.89152,-4.89762,-4.89039,101,simulation,lrim_128_0.6_10k
-4.96894,-4.97503,-4.96783,102,simulation,lrim_128_0.6_10k
-5.04873,-5.0548,-5.04762,103,simulation,lrim_128_0.6_10k
-5.13106,-5.13711,-5.12996,104,simulation,lrim_128_0.6_10k
-5.21616,-5.22219,-5.21506,105,simulation,lrim_128_0.6_10k
-5.30426,-5.31027,-5.30317,106,simulation,lrim_128_0.6_10k
-5.39565,-5.40162,-5.39457,107,simulation,lrim_128_0.6_10k
-5.49064,-5.49657,-5.48956,108,simulation,lrim_128_0.6_10k
-5.58958,-5.59547,-5.58851,109,simulation,lrim_128_0.6_10k
-5.6929,-5.69873,-5.69183,110,simulation,lrim_128_0.6_10k
-5.80107,-5.80683,-5.8,111,simulation,lrim_128_0.6_10k
-5.91466,-5.92034,-5.9136,112,simulation,lrim_128_0.6_10k
-6.03435,-6.03993,-6.03329,113,simulation,lrim_128_0.6_10k
-6.16093,-6.1664,-6.15988,114,simulation,lrim_128_0.6_10k
-6.2954,-6.30071,-6.29434,115,simulation,lrim_128_0.6_10k
-6.43893,-6.44408,-6.43787,116,simulation,lrim_128_0.6_10k
-6.59303,-6.59799,-6.59196,117,simulation,lrim_128_0.6_10k
-6.7596,-6.76434,-6.75851,118,simulation,lrim_128_0.6_10k
-6.9411,-6.94559,-6.94001,119,simulation,lrim_128_0.6_10k
-7.14085,-7.14502,-7.13978,120,simulation,lrim_128_0.6_10k
-7.36343,-7.36723,-7.36242,121,simulation,lrim_128_0.6_10k
-7.61547,-7.61889,-7.61459,122,simulation,lrim_128_0.6_10k
-7.9072,-7.91014,-7.90658,123,simulation,lrim_128_0.6_10k
-8.25568,-8.25809,-8.25535,124,simulation,lrim_128_0.6_10k
-8.69266,-8.69442,-8.69255,125,simulation,lrim_128_0.6_10k
-9.28723,-9.28808,-9.28722,126,simulation,lrim_128_0.6_10k
-10.1748,-10.1748,-10.1748,127,simulation,lrim_128_0.6_10k
-27.3243,-27.3328,-27.3225,128,simulation,lrim_128_0.6_10k
0.345982,0.350003,0.354205,1,simulation,lrim_32_1.5_10k
-0.393,-0.386386,-0.382068,2,simulation,lrim_32_1.5_10k
-0.887511,-0.879051,-0.874832,3,simulation,lrim_32_1.5_10k
-1.26632,-1.25662,-1.25238,4,simulation,lrim_32_1.5_10k
-1.57579,-1.56521,-1.5609,5,simulation,lrim_32_1.5_10k
-1.84035,-1.82916,-1.82477,6,simulation,lrim_32_1.5_10k
-2.07426,-2.06264,-2.05822,7,simulation,lrim_32_1.5_10k
-2.28667,-2.27479,-2.27034,8,simulation,lrim_32_1.5_10k
-2.48393,-2.47187,-2.46742,9,simulation,lrim_32_1.5_10k
-2.67075,-2.6586,-2.65417,10,simulation,lrim_32_1.5_10k
-2.85093,-2.83874,-2.83434,11,simulation,lrim_32_1.5_10k
-3.02775,-3.01556,-3.0112,12,simulation,lrim_32_1.5_10k
-3.20428,-3.19215,-3.18782,13,simulation,lrim_32_1.5_10k
-3.38373,-3.3717,-3.36735,14,simulation,lrim_32_1.5_10k
-3.56971,-3.55782,-3.5534,15,simulation,lrim_32_1.5_10k
-3.76361,-3.75193,-3.74744,16,simulation,lrim_32_1.5_10k
-3.96311,-3.95169,-3.94718,17,simulation,lrim_32_1.5_10k
-4.16706,-4.15597,-4.15148,18,simulation,lrim_32_1.5_10k
-4.37681,-4.36612,-4.36165,19,simulation,lrim_32_1.5_10k
-4.59391,-4.58369,-4.57925,20,simulation,lrim_32_1.5_10k
-4.8202,-4.81055,-4.80614,21,simulation,lrim_32_1.5_10k
-5.05802,-5.04902,-5.04466,22,simulation,lrim_32_1.5_10k
-5.3104,-5.30214,-5.2978,23,simulation,lrim_32_1.5_10k
-5.58144,-5.57401,-5.56968,24,simulation,lrim_32_1.5_10k
-5.87696,-5.87047,-5.86607,25,simulation,lrim_32_1.5_10k
-6.20553,-6.20013,-6.1956,26,simulation,lrim_32_1.5_10k
-6.58062,-6.57647,-6.57184,27,simulation,lrim_32_1.5_10k
-7.02513,-7.02225,-7.01774,28,simulation,lrim_32_1.5_10k
-7.58228,-7.58044,-7.57665,29,simulation,lrim_32_1.5_10k
-8.3458,-8.34502,-8.34269,30,simulation,lrim_32_1.5_10k
-9.48244,-9.48244,-9.48244,31,simulation,lrim_32_1.5_10k
-29.2733,-29.2692,-29.2672,32,simulation,lrim_32_1.5_10k
0.287012,0.285732,0.285376,1,simulation,lrim_128_1.5_10k
-0.472015,-0.473767,-0.474503,2,simulation,lrim_128_1.5_10k
-0.976016,-0.978038,-0.979136,3,simulation,lrim_128_1.5_10k
-1.35718,-1.35924,-1.36079,4,simulation,lrim_128_1.5_10k
-1.66277,-1.66476,-1.6668,5,simulation,lrim_128_1.5_10k
-1.91769,-1.91954,-1.92214,6,simulation,lrim_128_1.5_10k
-2.13634,-2.13799,-2.1412,7,simulation,lrim_128_1.5_10k
-2.32779,-2.3292,-2.33305,8,simulation,lrim_128_1.5_10k
-2.4981,-2.49928,-2.50376,9,simulation,lrim_128_1.5_10k
-2.65155,-2.6525,-2.65761,10,simulation,lrim_128_1.5_10k
-2.79124,-2.79198,-2.7977,11,simulation,lrim_128_1.5_10k
-2.91951,-2.92005,-2.92635,12,simulation,lrim_128_1.5_10k
-3.03816,-3.03851,-3.04536,13,simulation,lrim_128_1.5_10k
-3.14859,-3.14876,-3.15614,14,simulation,lrim_128_1.5_10k
-3.25195,-3.25194,-3.25981,15,simulation,lrim_128_1.5_10k
-3.34914,-3.34896,-3.3573,16,simulation,lrim_128_1.5_10k
-3.44094,-3.44059,-3.44938,17,simulation,lrim_128_1.5_10k
-3.52796,-3.52745,-3.53666,18,simulation,lrim_128_1.5_10k
-3.61075,-3.61008,-3.61968,19,simulation,lrim_128_1.5_10k
-3.68975,-3.68892,-3.6989,20,simulation,lrim_128_1.5_10k
-3.76535,-3.76437,-3.77469,21,simulation,lrim_128_1.5_10k
-3.83789,-3.83677,-3.84741,22,simulation,lrim_128_1.5_10k
-3.90767,-3.9064,-3.91734,23,simulation,lrim_128_1.5_10k
-3.97493,-3.97352,-3.98475,24,simulation,lrim_128_1.5_10k
-4.03991,-4.03838,-4.04987,25,simulation,lrim_128_1.5_10k
-4.10281,-4.10116,-4.1129,26,simulation,lrim_128_1.5_10k
-4.1638,-4.16205,-4.17401,27,simulation,lrim_128_1.5_10k
-4.22306,-4.22121,-4.23338,28,simulation,lrim_128_1.5_10k
-4.28072,-4.27879,-4.29115,29,simulation,lrim_128_1.5_10k
-4.33692,-4.33491,-4.34744,30,simulation,lrim_128_1.5_10k
-4.39178,-4.38969,-4.40238,31,simulation,lrim_128_1.5_10k
-4.44541,-4.44326,-4.45608,32,simulation,lrim_128_1.5_10k
-4.49792,-4.4957,-4.50864,33,simulation,lrim_128_1.5_10k
-4.54938,-4.54711,-4.56015,34,simulation,lrim_128_1.5_10k
-4.5999,-4.59758,-4.61071,35,simulation,lrim_128_1.5_10k
-4.64956,-4.64718,-4.6604,36,simulation,lrim_128_1.5_10k
-4.69842,-4.69601,-4.70928,37,simulation,lrim_128_1.5_10k
-4.74655,-4.74411,-4.75743,38,simulation,lrim_128_1.5_10k
-4.79404,-4.79157,-4.80492,39,simulation,lrim_128_1.5_10k
-4.84093,-4.83844,-4.85182,40,simulation,lrim_128_1.5_10k
-4.8873,-4.88478,-4.89818,41,simulation,lrim_128_1.5_10k
-4.93319,-4.93066,-4.94407,42,simulation,lrim_128_1.5_10k
-4.97866,-4.97611,-4.98953,43,simulation,lrim_128_1.5_10k
-5.02377,-5.02121,-5.03464,44,simulation,lrim_128_1.5_10k
-5.06856,-5.06599,-5.07943,45,simulation,lrim_128_1.5_10k
-5.1131,-5.11052,-5.12396,46,simulation,lrim_128_1.5_10k
-5.15743,-5.15484,-5.16828,47,simulation,lrim_128_1.5_10k
-5.20159,-5.199,-5.21243,48,simulation,lrim_128_1.5_10k
-5.24564,-5.24306,-5.25648,49,simulation,lrim_128_1.5_10k
-5.28963,-5.28705,-5.30046,50,simulation,lrim_128_1.5_10k
-5.3336,-5.33103,-5.34442,51,simulation,lrim_128_1.5_10k
-5.3776,-5.37505,-5.38841,52,simulation,lrim_128_1.5_10k
-5.42169,-5.41915,-5.43248,53,simulation,lrim_128_1.5_10k
-5.46591,-5.4634,-5.47669,54,simulation,lrim_128_1.5_10k
-5.51031,-5.50783,-5.52108,55,simulation,lrim_128_1.5_10k
-5.55495,-5.55251,-5.56571,56,simulation,lrim_128_1.5_10k
-5.59989,-5.59748,-5.61064,57,simulation,lrim_128_1.5_10k
-5.64518,-5.64281,-5.65591,58,simulation,lrim_128_1.5_10k
-5.69089,-5.68855,-5.7016,59,simulation,lrim_128_1.5_10k
-5.73706,-5.73478,-5.74775,60,simulation,lrim_128_1.5_10k
-5.78378,-5.78154,-5.79445,61,simulation,lrim_128_1.5_10k
-5.83112,-5.82892,-5.84176,62,simulation,lrim_128_1.5_10k
-5.87913,-5.87698,-5.88975,63,simulation,lrim_128_1.5_10k
-5.92774,-5.92564,-5.93832,64,simulation,lrim_128_1.5_10k
-5.97665,-5.97462,-5.98721,65,simulation,lrim_128_1.5_10k
-6.02574,-6.02376,-6.03626,66,simulation,lrim_128_1.5_10k
-6.07502,-6.0731,-6.0855,67,simulation,lrim_128_1.5_10k
-6.1245,-6.12265,-6.13494,68,simulation,lrim_128_1.5_10k
-6.17421,-6.17243,-6.18461,69,simulation,lrim_128_1.5_10k
-6.22418,-6.22245,-6.23452,70,simulation,lrim_128_1.5_10k
-6.27441,-6.27275,-6.28469,71,simulation,lrim_128_1.5_10k
-6.32493,-6.32334,-6.33514,72,simulation,lrim_128_1.5_10k
-6.37576,-6.37424,-6.38591,73,simulation,lrim_128_1.5_10k
-6.42692,-6.42547,-6.43699,74,simulation,lrim_128_1.5_10k
-6.47844,-6.47706,-6.48843,75,simulation,lrim_128_1.5_10k
-6.53034,-6.52903,-6.54023,76,simulation,lrim_128_1.5_10k
-6.58264,-6.58141,-6.59243,77,simulation,lrim_128_1.5_10k
-6.63537,-6.63422,-6.64505,78,simulation,lrim_128_1.5_10k
-6.68855,-6.68749,-6.69811,79,simulation,lrim_128_1.5_10k
-6.74221,-6.74124,-6.75165,80,simulation,lrim_128_1.5_10k
-6.79639,-6.79552,-6.80568,81,simulation,lrim_128_1.5_10k
-6.8511,-6.85034,-6.86025,82,simulation,lrim_128_1.5_10k
-6.90639,-6.90573,-6.91539,83,simulation,lrim_128_1.5_10k
-6.96229,-6.96175,-6.97114,84,simulation,lrim_128_1.5_10k
-7.01883,-7.0184,-7.02753,85,simulation,lrim_128_1.5_10k
-7.07606,-7.07575,-7.0846,86,simulation,lrim_128_1.5_10k
-7.13402,-7.13382,-7.14239,87,simulation,lrim_128_1.5_10k
-7.19275,-7.19266,-7.20096,88,simulation,lrim_128_1.5_10k
-7.2523,-7.25232,-7.26034,89,simulation,lrim_128_1.5_10k
-7.31272,-7.31285,-7.32059,90,simulation,lrim_128_1.5_10k
-7.37406,-7.37431,-7.38177,91,simulation,lrim_128_1.5_10k
-7.43639,-7.43676,-7.44393,92,simulation,lrim_128_1.5_10k
-7.49978,-7.50026,-7.50714,93,simulation,lrim_128_1.5_10k
-7.56428,-7.56488,-7.57147,94,simulation,lrim_128_1.5_10k
-7.62999,-7.63069,-7.63699,95,simulation,lrim_128_1.5_10k
-7.69698,-7.69779,-7.7038,96,simulation,lrim_128_1.5_10k
-7.76534,-7.76626,-7.77198,97,simulation,lrim_128_1.5_10k
-7.83519,-7.83621,-7.84163,98,simulation,lrim_128_1.5_10k
-7.90661,-7.90773,-7.91286,99,simulation,lrim_128_1.5_10k
-7.97975,-7.98096,-7.9858,100,simulation,lrim_128_1.5_10k
-8.05474,-8.05604,-8.06058,101,simulation,lrim_128_1.5_10k
-8.13172,-8.1331,-8.13735,102,simulation,lrim_128_1.5_10k
-8.21087,-8.21234,-8.21629,103,simulation,lrim_128_1.5_10k
-8.29238,-8.29394,-8.29759,104,simulation,lrim_128_1.5_10k
-8.37645,-8.37811,-8.38147,105,simulation,lrim_128_1.5_10k
-8.46335,-8.4651,-8.46818,106,simulation,lrim_128_1.5_10k
-8.55333,-8.55518,-8.55798,107,simulation,lrim_128_1.5_10k
-8.64673,-8.64867,-8.6512,108,simulation,lrim_128_1.5_10k
-8.74391,-8.74594,-8.74821,109,simulation,lrim_128_1.5_10k
-8.84531,-8.84743,-8.84944,110,simulation,lrim_128_1.5_10k
-8.95142,-8.95363,-8.95539,111,simulation,lrim_128_1.5_10k
-9.06286,-9.06515,-9.06668,112,simulation,lrim_128_1.5_10k
-9.18034,-9.18271,-9.18402,113,simulation,lrim_128_1.5_10k
-9.30474,-9.30717,-9.30829,114,simulation,lrim_128_1.5_10k
-9.43712,-9.43959,-9.44055,115,simulation,lrim_128_1.5_10k
-9.57882,-9.58129,-9.58211,116,simulation,lrim_128_1.5_10k
-9.73153,-9.73396,-9.73468,117,simulation,lrim_128_1.5_10k
-9.89744,-9.8998,-9.90043,118,simulation,lrim_128_1.5_10k
-10.0795,-10.0817,-10.0823,119,simulation,lrim_128_1.5_10k
-10.2815,-10.2836,-10.2841,120,simulation,lrim_128_1.5_10k
-10.5093,-10.5112,-10.5116,121,simulation,lrim_128_1.5_10k
-10.771,-10.7727,-10.7731,122,simulation,lrim_128_1.5_10k
-11.0798,-11.0812,-11.0815,123,simulation,lrim_128_1.5_10k
-11.4579,-11.459,-11.4592,124,simulation,lrim_128_1.5_10k
-11.9473,-11.9481,-11.9482,125,simulation,lrim_128_1.5_10k
-12.6391,-12.6394,-12.6394,126,simulation,lrim_128_1.5_10k
-13.6969,-13.6969,-13.6969,127,simulation,lrim_128_1.5_10k
-27.3172,-27.3161,-27.3234,128,simulation,lrim_128_1.5_10k
0.988121,0.995528,0.976467,1,simulation,lrim_16_0.6_10k
0.570904,0.579559,0.557903,2,simulation,lrim_16_0.6_10k
0.24956,0.258965,0.236009,3,simulation,lrim_16_0.6_10k
-0.0336221,-0.0238798,-0.0474552,4,simulation,lrim_16_0.6_10k
-0.303459,-0.293648,-0.317345,5,simulation,lrim_16_0.6_10k
-0.577583,-0.567857,-0.591414,6,simulation,lrim_16_0.6_10k
-0.874087,-0.864637,-0.887681,7,simulation,lrim_16_0.6_10k
-1.20516,-1.19619,-1.21837,8,simulation,lrim_16_0.6_10k
-1.56789,-1.55956,-1.58059,9,simulation,lrim_16_0.6_10k
-1.96206,-1.95472,-1.97404,10,simulation,lrim_16_0.6_10k
-2.40159,-2.39542,-2.41271,11,simulation,lrim_16_0.6_10k
-2.90922,-2.90418,-2.91895,12,simulation,lrim_16_0.6_10k
-3.52615,-3.52211,-3.53386,13,simulation,lrim_16_0.6_10k
-4.33753,-4.33474,-4.34226,14,simulation,lrim_16_0.6_10k
-5.47875,-5.47875,-5.47875,15,simulation,lrim_16_0.6_10k
-29.2917,-29.2804,-29.3144,16,simulation,lrim_16_0.6_10k
0.495483,0.492388,0.49677,1,simulation,lrim_256_0.6_10k
0.0647119,0.0600472,0.066647,2,simulation,lrim_256_0.6_10k
-0.203124,-0.208878,-0.200758,3,simulation,lrim_256_0.6_10k
-0.39642,-0.402974,-0.393758,4,simulation,lrim_256_0.6_10k
-0.546749,-0.553896,-0.543885,5,simulation,lrim_256_0.6_10k
-0.669666,-0.677253,-0.666668,6,simulation,lrim_256_0.6_10k
-0.773733,-0.781653,-0.770638,7,simulation,lrim_256_0.6_10k
-0.864114,-0.872291,-0.86094,8,simulation,lrim_256_0.6_10k
-0.944137,-0.952519,-0.940895,9,simulation,lrim_256_0.6_10k
-1.01606,-1.02462,-1.01275,10,simulation,lrim_256_0.6_10k
-1.08149,-1.09019,-1.07812,11,simulation,lrim_256_0.6_10k
-1.14159,-1.15042,-1.13817,12,simulation,lrim_256_0.6_10k
-1.19726,-1.2062,-1.19378,13,simulation,lrim_256_0.6_10k
-1.24917,-1.25821,-1.24563,14,simulation,lrim_256_0.6_10k
-1.29787,-1.30699,-1.29427,15,simulation,lrim_256_0.6_10k
-1.34378,-1.35299,-1.34013,16,simulation,lrim_256_0.6_10k
-1.38726,-1.39653,-1.38356,17,simulation,lrim_256_0.6_10k
-1.4286,-1.43793,-1.42485,18,simulation,lrim_256_0.6_10k
-1.46803,-1.47742,-1.46424,19,simulation,lrim_256_0.6_10k
-1.50577,-1.5152,-1.50192,20,simulation,lrim_256_0.6_10k
-1.54197,-1.55144,-1.53809,21,simulation,lrim_256_0.6_10k
-1.5768,-1.58631,-1.57288,22,simulation,lrim_256_0.6_10k
-1.61037,-1.61992,-1.60641,23,simulation,lrim_256_0.6_10k
-1.64281,-1.65238,-1.63881,24,simulation,lrim_256_0.6_10k
-1.6742,-1.6838,-1.67017,25,simulation,lrim_256_0.6_10k
-1.70463,-1.71426,-1.70057,26,simulation,lrim_256_0.6_10k
-1.73419,-1.74384,-1.73009,27,simulation,lrim_256_0.6_10k
-1.76293,-1.7726,-1.7588,28,simulation,lrim_256_0.6_10k
-1.79092,-1.8006,-1.78676,29,simulation,lrim_256_0.6_10k
-1.81821,-1.82791,-1.81403,30,simulation,lrim_256_0.6_10k
-1.84484,-1.85456,-1.84064,31,simulation,lrim_256_0.6_10k
-1.87088,-1.88061,-1.86665,32,simulation,lrim_256_0.6_10k
-1.89635,-1.90609,-1.8921,33,simulation,lrim_256_0.6_10k
-1.92129,-1.93103,-1.91701,34,simulation,lrim_256_0.6_10k
-1.94574,-1.95549,-1.94144,35,simulation,lrim_256_0.6_10k
-1.96972,-1.97947,-1.9654,36,simulation,lrim_256_0.6_10k
-1.99326,-2.00302,-1.98893,37,simulation,lrim_256_0.6_10k
-2.0164,-2.02616,-2.01204,38,simulation,lrim_256_0.6_10k
-2.03915,-2.04891,-2.03477,39,simulation,lrim_256_0.6_10k
-2.06153,-2.07129,-2.05714,40,simulation,lrim_256_0.6_10k
-2.08357,-2.09333,-2.07916,41,simulation,lrim_256_0.6_10k
-2.10529,-2.11505,-2.10086,42,simulation,lrim_256_0.6_10k
-2.1267,-2.13645,-2.12225,43,simulation,lrim_256_0.6_10k
-2.14782,-2.15757,-2.14336,44,simulation,lrim_256_0.6_10k
-2.16867,-2.17841,-2.16419,45,simulation,lrim_256_0.6_10k
-2.18925,-2.199,-2.18476,46,simulation,lrim_256_0.6_10k
-2.20959,-2.21933,-2.20508,47,simulation,lrim_256_0.6_10k
-2.2297,-2.23944,-2.22518,48,simulation,lrim_256_0.6_10k
-2.24959,-2.25932,-2.24505,49,simulation,lrim_256_0.6_10k
-2.26926,-2.27899,-2.26471,50,simulation,lrim_256_0.6_10k
-2.28874,-2.29847,-2.28418,51,simulation,lrim_256_0.6_10k
-2.30803,-2.31776,-2.30345,52,simulation,lrim_256_0.6_10k
-2.32715,-2.33687,-2.32255,53,simulation,lrim_256_0.6_10k
-2.34609,-2.35581,-2.34149,54,simulation,lrim_256_0.6_10k
-2.36487,-2.37459,-2.36026,55,simulation,lrim_256_0.6_10k
-2.38351,-2.39322,-2.37888,56,simulation,lrim_256_0.6_10k
-2.40199,-2.4117,-2.39736,57,simulation,lrim_256_0.6_10k
-2.42035,-2.43005,-2.4157,58,simulation,lrim_256_0.6_10k
-2.43857,-2.44827,-2.43392,59,simulation,lrim_256_0.6_10k
-2.45667,-2.46637,-2.45201,60,simulation,lrim_256_0.6_10k
-2.47466,-2.48436,-2.46999,61,simulation,lrim_256_0.6_10k
-2.49254,-2.50224,-2.48786,62,simulation,lrim_256_0.6_10k
-2.51032,-2.52001,-2.50564,63,simulation,lrim_256_0.6_10k
-2.528,-2.53769,-2.52331,64,simulation,lrim_256_0.6_10k
-2.5456,-2.55528,-2.5409,65,simulation,lrim_256_0.6_10k
-2.5631,-2.57279,-2.55841,66,simulation,lrim_256_0.6_10k
-2.58053,-2.59022,-2.57583,67,simulation,lrim_256_0.6_10k
-2.59789,-2.60757,-2.59318,68,simulation,lrim_256_0.6_10k
-2.61518,-2.62486,-2.61047,69,simulation,lrim_256_0.6_10k
-2.63241,-2.64208,-2.62769,70,simulation,lrim_256_0.6_10k
-2.64957,-2.65925,-2.64486,71,simulation,lrim_256_0.6_10k
-2.66669,-2.67636,-2.66197,72,simulation,lrim_256_0.6_10k
-2.68375,-2.69343,-2.67904,73,simulation,lrim_256_0.6_10k
-2.70078,-2.71045,-2.69606,74,simulation,lrim_256_0.6_10k
-2.71776,-2.72743,-2.71304,75,simulation,lrim_256_0.6_10k
-2.73471,-2.74438,-2.72998,76,simulation,lrim_256_0.6_10k
-2.75162,-2.76129,-2.7469,77,simulation,lrim_256_0.6_10k
-2.76851,-2.77818,-2.76379,78,simulation,lrim_256_0.6_10k
-2.78538,-2.79505,-2.78065,79,simulation,lrim_256_0.6_10k
-2.80223,-2.8119,-2.7975,80,simulation,lrim_256_0.6_10k
-2.81907,-2.82874,-2.81434,81,simulation,lrim_256_0.6_10k
-2.83589,-2.84557,-2.83117,82,simulation,lrim_256_0.6_10k
-2.85271,-2.86239,-2.84799,83,simulation,lrim_256_0.6_10k
-2.86953,-2.87921,-2.86481,84,simulation,lrim_256_0.6_10k
-2.88636,-2.89603,-2.88163,85,simulation,lrim_256_0.6_10k
-2.90318,-2.91286,-2.89846,86,simulation,lrim_256_0.6_10k
-2.92002,-2.9297,-2.9153,87,simulation,lrim_256_0.6_10k
-2.93688,-2.94656,-2.93215,88,simulation,lrim_256_0.6_10k
-2.95375,-2.96343,-2.94902,89,simulation,lrim_256_0.6_10k
-2.97064,-2.98032,-2.96592,90,simulation,lrim_256_0.6_10k
-2.98756,-2.99725,-2.98284,91,simulation,lrim_256_0.6_10k
-3.00451,-3.0142,-2.99979,92,simulation,lrim_256_0.6_10k
-3.0215,-3.03119,-3.01678,93,simulation,lrim_256_0.6_10k
-3.03852,-3.04821,-3.0338,94,simulation,lrim_256_0.6_10k
-3.05559,-3.06528,-3.05087,95,simulation,lrim_256_0.6_10k
-3.0727,-3.0824,-3.06799,96,simulation,lrim_256_0.6_10k
-3.08987,-3.09956,-3.08515,97,simulation,lrim_256_0.6_10k
-3.10709,-3.11678,-3.10238,98,simulation,lrim_256_0.6_10k
-3.12437,-3.13407,-3.11966,99,simulation,lrim_256_0.6_10k
-3.14171,-3.15141,-3.13701,100,simulation,lrim_256_0.6_10k
-3.15912,-3.16882,-3.15442,101,simulation,lrim_256_0.6_10k
-3.17661,-3.18631,-3.17191,102,simulation,lrim_256_0.6_10k
-3.19417,-3.20387,-3.18948,103,simulation,lrim_256_0.6_10k
-3.21182,-3.22152,-3.20712,104,simulation,lrim_256_0.6_10k
-3.22955,-3.23925,-3.22486,105,simulation,lrim_256_0.6_10k
-3.24737,-3.25708,-3.24269,106,simulation,lrim_256_0.6_10k
-3.2653,-3.275,-3.26062,107,simulation,lrim_256_0.6_10k
-3.28332,-3.29303,-3.27865,108,simulation,lrim_256_0.6_10k
-3.30146,-3.31116,-3.29678,109,simulation,lrim_256_0.6_10k
-3.3197,-3.32941,-3.31504,110,simulation,lrim_256_0.6_10k
-3.33807,-3.34778,-3.33341,111,simulation,lrim_256_0.6_10k
-3.35656,-3.36627,-3.3519,112,simulation,lrim_256_0.6_10k
-3.37518,-3.3849,-3.37053,113,simulation,lrim_256_0.6_10k
-3.39394,-3.40366,-3.3893,114,simulation,lrim_256_0.6_10k
-3.41285,-3.42256,-3.4082,115,simulation,lrim_256_0.6_10k
-3.4319,-3.44162,-3.42726,116,simulation,lrim_256_0.6_10k
-3.45112,-3.46083,-3.44648,117,simulation,lrim_256_0.6_10k
-3.47049,-3.48021,-3.46586,118,simulation,lrim_256_0.6_10k
-3.49004,-3.49976,-3.48542,119,simulation,lrim_256_0.6_10k
-3.50977,-3.51949,-3.50515,120,simulation,lrim_256_0.6_10k
-3.52969,-3.53941,-3.52508,121,simulation,lrim_256_0.6_10k
-3.5498,-3.55953,-3.5452,122,simulation,lrim_256_0.6_10k
-3.57012,-3.57985,-3.56552,123,simulation,lrim_256_0.6_10k
-3.59066,-3.60038,-3.58606,124,simulation,lrim_256_0.6_10k
-3.61141,-3.62114,-3.60682,125,simulation,lrim_256_0.6_10k
-3.6324,-3.64213,-3.62782,126,simulation,lrim_256_0.6_10k
-3.65364,-3.66337,-3.64907,127,simulation,lrim_256_0.6_10k
-3.67508,-3.68481,-3.67052,128,simulation,lrim_256_0.6_10k
-3.69665,-3.70638,-3.69209,129,simulation,lrim_256_0.6_10k
-3.7183,-3.72803,-3.71375,130,simulation,lrim_256_0.6_10k
-3.74002,-3.74976,-3.73548,131,simulation,lrim_256_0.6_10k
-3.76184,-3.77157,-3.7573,132,simulation,lrim_256_0.6_10k
-3.78373,-3.79347,-3.77921,133,simulation,lrim_256_0.6_10k
-3.80572,-3.81546,-3.80121,134,simulation,lrim_256_0.6_10k
-3.8278,-3.83753,-3.82329,135,simulation,lrim_256_0.6_10k
-3.84996,-3.8597,-3.84547,136,simulation,lrim_256_0.6_10k
-3.87223,-3.88197,-3.86774,137,simulation,lrim_256_0.6_10k
-3.89458,-3.90433,-3.89011,138,simulation,lrim_256_0.6_10k
-3.91704,-3.92679,-3.91258,139,simulation,lrim_256_0.6_10k
-3.9396,-3.94935,-3.93515,140,simulation,lrim_256_0.6_10k
-3.96226,-3.97201,-3.95783,141,simulation,lrim_256_0.6_10k
-3.98503,-3.99478,-3.9806,142,simulation,lrim_256_0.6_10k
-4.00791,-4.01766,-4.00349,143,simulation,lrim_256_0.6_10k
-4.03089,-4.04065,-4.02649,144,simulation,lrim_256_0.6_10k
-4.05399,-4.06375,-4.0496,145,simulation,lrim_256_0.6_10k
-4.07721,-4.08697,-4.07283,146,simulation,lrim_256_0.6_10k
-4.10054,-4.1103,-4.09618,147,simulation,lrim_256_0.6_10k
-4.12399,-4.13376,-4.11965,148,simulation,lrim_256_0.6_10k
-4.14757,-4.15734,-4.14324,149,simulation,lrim_256_0.6_10k
-4.17127,-4.18105,-4.16696,150,simulation,lrim_256_0.6_10k
-4.19511,-4.20488,-4.1908,151,simulation,lrim_256_0.6_10k
-4.21907,-4.22885,-4.21478,152,simulation,lrim_256_0.6_10k
-4.24317,-4.25295,-4.2389,153,simulation,lrim_256_0.6_10k
-4.26741,-4.2772,-4.26315,154,simulation,lrim_256_0.6_10k
-4.29179,-4.30158,-4.28755,155,simulation,lrim_256_0.6_10k
-4.31631,-4.3261,-4.31209,156,simulation,lrim_256_0.6_10k
-4.34098,-4.35078,-4.33677,157,simulation,lrim_256_0.6_10k
-4.3658,-4.3756,-4.36161,158,simulation,lrim_256_0.6_10k
-4.39078,-4.40058,-4.38661,159,simulation,lrim_256_0.6_10k
-4.41592,-4.42571,-4.41176,160,simulation,lrim_256_0.6_10k
-4.44121,-4.45101,-4.43708,161,simulation,lrim_256_0.6_10k
-4.46667,-4.47647,-4.46256,162,simulation,lrim_256_0.6_10k
-4.4923,-4.5021,-4.48821,163,simulation,lrim_256_0.6_10k
-4.51811,-4.52791,-4.51403,164,simulation,lrim_256_0.6_10k
-4.54409,-4.55389,-4.54003,165,simulation,lrim_256_0.6_10k
-4.57025,-4.58005,-4.56622,166,simulation,lrim_256_0.6_10k
-4.5966,-4.60639,-4.59259,167,simulation,lrim_256_0.6_10k
-4.62314,-4.63293,-4.61915,168,simulation,lrim_256_0.6_10k
-4.64988,-4.65966,-4.64591,169,simulation,lrim_256_0.6_10k
-4.67682,-4.68659,-4.67287,170,simulation,lrim_256_0.6_10k
-4.70396,-4.71373,-4.70004,171,simulation,lrim_256_0.6_10k
-4.73131,-4.74107,-4.72741,172,simulation,lrim_256_0.6_10k
-4.75888,-4.76864,-4.755,173,simulation,lrim_256_0.6_10k
-4.78667,-4.79642,-4.78282,174,simulation,lrim_256_0.6_10k
-4.81468,-4.82443,-4.81086,175,simulation,lrim_256_0.6_10k
-4.84293,-4.85267,-4.83913,176,simulation,lrim_256_0.6_10k
-4.87142,-4.88115,-4.86764,177,simulation,lrim_256_0.6_10k
-4.90016,-4.90987,-4.8964,178,simulation,lrim_256_0.6_10k
-4.92914,-4.93884,-4.92541,179,simulation,lrim_256_0.6_10k
-4.95839,-4.96808,-4.95468,180,simulation,lrim_256_0.6_10k
-4.9879,-4.99758,-4.98422,181,simulation,lrim_256_0.6_10k
-5.01768,-5.02734,-5.01402,182,simulation,lrim_256_0.6_10k
-5.04775,-5.05739,-5.04411,183,simulation,lrim_256_0.6_10k
-5.0781,-5.08773,-5.07449,184,simulation,lrim_256_0.6_10k
-5.10875,-5.11837,-5.10516,185,simulation,lrim_256_0.6_10k
-5.13971,-5.14931,-5.13614,186,simulation,lrim_256_0.6_10k
-5.17098,-5.18056,-5.16743,187,simulation,lrim_256_0.6_10k
-5.20258,-5.21214,-5.19905,188,simulation,lrim_256_0.6_10k
-5.23451,-5.24405,-5.231,189,simulation,lrim_256_0.6_10k
-5.26679,-5.2763,-5.26329,190,simulation,lrim_256_0.6_10k
-5.29941,-5.3089,-5.29594,191,simulation,lrim_256_0.6_10k
-5.33241,-5.34187,-5.32895,192,simulation,lrim_256_0.6_10k
-5.36578,-5.37522,-5.36234,193,simulation,lrim_256_0.6_10k
-5.39954,-5.40895,-5.39613,194,simulation,lrim_256_0.6_10k
-5.43371,-5.44308,-5.43031,195,simulation,lrim_256_0.6_10k
-5.46829,-5.47763,-5.46491,196,simulation,lrim_256_0.6_10k
-5.5033,-5.51261,-5.49994,197,simulation,lrim_256_0.6_10k
-5.53875,-5.54803,-5.53542,198,simulation,lrim_256_0.6_10k
-5.57467,-5.5839,-5.57135,199,simulation,lrim_256_0.6_10k
-5.61106,-5.62025,-5.60776,200,simulation,lrim_256_0.6_10k
-5.64795,-5.65709,-5.64467,201,simulation,lrim_256_0.6_10k
-5.68534,-5.69444,-5.68209,202,simulation,lrim_256_0.6_10k
-5.72327,-5.73232,-5.72004,203,simulation,lrim_256_0.6_10k
-5.76175,-5.77075,-5.75854,204,simulation,lrim_256_0.6_10k
-5.80079,-5.80975,-5.79761,205,simulation,lrim_256_0.6_10k
-5.84044,-5.84934,-5.83727,206,simulation,lrim_256_0.6_10k
-5.88069,-5.88955,-5.87756,207,simulation,lrim_256_0.6_10k
-5.9216,-5.93039,-5.91848,208,simulation,lrim_256_0.6_10k
-5.96316,-5.9719,-5.96008,209,simulation,lrim_256_0.6_10k
-6.00543,-6.01411,-6.00237,210,simulation,lrim_256_0.6_10k
-6.04842,-6.05704,-6.04538,211,simulation,lrim_256_0.6_10k
-6.09217,-6.10073,-6.08916,212,simulation,lrim_256_0.6_10k
-6.13671,-6.14522,-6.13372,213,simulation,lrim_256_0.6_10k
-6.18208,-6.19053,-6.17912,214,simulation,lrim_256_0.6_10k
-6.22831,-6.2367,-6.22538,215,simulation,lrim_256_0.6_10k
-6.27545,-6.28378,-6.27254,216,simulation,lrim_256_0.6_10k
-6.32354,-6.33181,-6.32066,217,simulation,lrim_256_0.6_10k
-6.37263,-6.38084,-6.36977,218,simulation,lrim_256_0.6_10k
-6.42278,-6.43092,-6.41994,219,simulation,lrim_256_0.6_10k
-6.47403,-6.4821,-6.47121,220,simulation,lrim_256_0.6_10k
-6.52644,-6.53444,-6.52364,221,simulation,lrim_256_0.6_10k
-6.58008,-6.58801,-6.5773,222,simulation,lrim_256_0.6_10k
-6.63502,-6.64287,-6.63226,223,simulation,lrim_256_0.6_10k
-6.69134,-6.69911,-6.6886,224,simulation,lrim_256_0.6_10k
-6.74912,-6.7568,-6.74639,225,simulation,lrim_256_0.6_10k
-6.80844,-6.81603,-6.80573,226,simulation,lrim_256_0.6_10k
-6.86941,-6.8769,-6.86673,227,simulation,lrim_256_0.6_10k
-6.93214,-6.93953,-6.92947,228,simulation,lrim_256_0.6_10k
-6.99674,-7.00402,-6.9941,229,simulation,lrim_256_0.6_10k
-7.06336,-7.07052,-7.06073,230,simulation,lrim_256_0.6_10k
-7.13214,-7.13916,-7.12951,231,simulation,lrim_256_0.6_10k
-7.20323,-7.21012,-7.20062,232,simulation,lrim_256_0.6_10k
-7.27684,-7.28358,-7.27423,233,simulation,lrim_256_0.6_10k
-7.35316,-7.35976,-7.35055,234,simulation,lrim_256_0.6_10k
-7.43243,-7.43887,-7.42983,235,simulation,lrim_256_0.6_10k
-7.51492,-7.5212,-7.51233,236,simulation,lrim_256_0.6_10k
-7.60093,-7.60705,-7.59837,237,simulation,lrim_256_0.6_10k
-7.69083,-7.69676,-7.6883,238,simulation,lrim_256_0.6_10k
-7.78503,-7.79076,-7.78254,239,simulation,lrim_256_0.6_10k
-7.88401,-7.88952,-7.88158,240,simulation,lrim_256_0.6_10k
-7.98835,-7.99362,-7.98599,241,simulation,lrim_256_0.6_10k
-8.09875,-8.10376,-8.09649,242,simulation,lrim_256_0.6_10k
-8.21606,-8.22076,-8.2139,243,simulation,lrim_256_0.6_10k
-8.34129,-8.34567,-8.33928,244,simulation,lrim_256_0.6_10k
-8.47578,-8.4798,-8.47392,245,simulation,lrim_256_0.6_10k
-8.62119,-8.62482,-8.61952,246,simulation,lrim_256_0.6_10k
-8.77974,-8.78296,-8.77828,247,simulation,lrim_256_0.6_10k
-8.95444,-8.95727,-8.95319,248,simulation,lrim_256_0.6_10k
-9.14954,-9.15198,-9.1485,249,simulation,lrim_256_0.6_10k
-9.37132,-9.37337,-9.37048,250,simulation,lrim_256_0.6_10k
-9.62964,-9.63127,-9.62901,251,simulation,lrim_256_0.6_10k
-9.94128,-9.94246,-9.94086,252,simulation,lrim_256_0.6_10k
-10.3382,-10.3389,-10.338,253,simulation,lrim_256_0.6_10k
-10.8906,-10.891,-10.8905,254,simulation,lrim_256_0.6_10k
-11.7402,-11.7402,-11.7402,255,simulation,lrim_256_0.6_10k
-26.9408,-26.9453,-26.9399,256,simulation,lrim_256_0.6_10k
